{
  "variables": {
    "version": ""
  },
  "provisioners": [
    {
      "type": "shell",
      "execute_command": "echo 'vagrant' | {{.Vars}} sudo -S -E bash '{{.Path}}'",
      "script": "scripts/ansible.sh"
    },
    {
      "type": "ansible-local",
      "playbook_file": "../shared/main.yml",
      "galaxy_file": "../shared/requirements.yml"
    },
    {
      "type": "shell",
      "execute_command": "echo 'vagrant' | {{.Vars}} sudo -S -E bash '{{.Path}}'",
      "script": "scripts/cleanup.sh"
    }
  ],
  "builders": [
    {
      "type": "virtualbox-iso",
      "boot_command": [
        "<tab> text ks=http://{{ .HTTPIP }}:{{ .HTTPPort }}/ks.cfg<enter><wait>"
      ],
      "boot_wait": "10s",
      "disk_size": 81920,
      "guest_os_type": "RedHat_64",
      "headless": true,
      "http_directory": "http",
      "iso_urls": [
        "CentOS-7-x86_64-Minimal-2009.iso",
        "http://mirrors.mit.edu/centos/7/isos/x86_64/CentOS-7-x86_64-Minimal-2009.iso"
      ],
      "iso_checksum": "sha256:07b94e6b1a0b0260b94c83d6bb76b26bf7a310dc78d7a9c7432809fb9bc6194a",
      "ssh_username": "vagrant",
      "ssh_password": "vagrant",
      "ssh_port": 22,
      "ssh_wait_timeout": "1800s",
      "shutdown_command": "echo 'vagrant'|sudo -S /sbin/halt -h -p",
      "guest_additions_path": "VBoxGuestAdditions_{{.Version}}.iso",
      "virtualbox_version_file": ".vbox_version",
      "vm_name": "packer-centos-7-x86_64",
      "vboxmanage": [
        [
          "modifyvm",
          "{{.Name}}",
          "--memory",
          "512"
        ],
        [
          "modifyvm",
          "{{.Name}}",
          "--cpus",
          "2"
        ]
      ]
    }
  ],
  "post-processors": [
    [
      {
        "output": "builds/{{.Provider}}-centos7.box",
        "type": "vagrant"
      },
      {
        "type": "vagrant-cloud",
        "box_tag": "geerlingguy/centos7",
        "version": "{{user `version`}}"
      }
    ]
  ]
}
