{
  "annotations": {
    "list": [
      {
        "builtIn": 1,
        "datasource": "-- Grafana --",
        "enable": true,
        "hide": true,
        "iconColor": "rgba(0, 211, 255, 1)",
        "limit": 100,
        "name": "Annotations & Alerts",
        "showIn": 0,
        "type": "dashboard"
      }
    ]
  },
  "editable": true,
  "gnetId": null,
  "graphTooltip": 0,
  "links": [],
  "panels": [
    {
      "cacheTimeout": null,
      "datasource": "prometheus",
      "fieldConfig": {
        "defaults": {
          "color": {
            "mode": "thresholds"
          },
          "mappings": [
            {
              "id": 0,
              "op": "=",
              "text": "N/A",
              "type": 1,
              "value": "null"
            }
          ],
          "thresholds": {
            "mode": "absolute",
            "steps": [
              {
                "color": "#299c46",
                "value": null
              },
              {
                "color": "blue",
                "value": 100
              }
            ]
          },
          "unit": "bps"
        },
        "overrides": []
      },
      "gridPos": {
        "h": 9,
        "w": 6,
        "x": 0,
        "y": 0
      },
      "id": 8,
      "interval": null,
      "links": [],
      "maxDataPoints": 50000,
      "options": {
        "orientation": "horizontal",
        "reduceOptions": {
          "calcs": [
            "mean"
          ],
          "fields": "",
          "values": false
        },
        "showThresholdLabels": false,
        "showThresholdMarkers": true,
        "text": {}
      },
      "pluginVersion": "7.5.6",
      "targets": [
        {
          "expr": "speedtest_download_bits_per_second{}",
          "format": "time_series",
          "interval": "",
          "intervalFactor": 1,
          "legendFormat": "",
          "refId": "A"
        }
      ],
      "title": "Download",
      "type": "gauge"
    },
    {
      "cacheTimeout": null,
      "datasource": "prometheus",
      "fieldConfig": {
        "defaults": {
          "color": {
            "mode": "thresholds"
          },
          "mappings": [
            {
              "id": 0,
              "op": "=",
              "text": "N/A",
              "type": 1,
              "value": "null"
            }
          ],
          "thresholds": {
            "mode": "absolute",
            "steps": [
              {
                "color": "green",
                "value": null
              },
              {
                "color": "blue",
                "value": 20
              }
            ]
          },
          "unit": "bps"
        },
        "overrides": []
      },
      "gridPos": {
        "h": 9,
        "w": 6,
        "x": 6,
        "y": 0
      },
      "id": 10,
      "interval": null,
      "links": [],
      "maxDataPoints": 50000,
      "options": {
        "orientation": "horizontal",
        "reduceOptions": {
          "calcs": [
            "mean"
          ],
          "fields": "",
          "values": false
        },
        "showThresholdLabels": false,
        "showThresholdMarkers": true,
        "text": {}
      },
      "pluginVersion": "7.5.6",
      "targets": [
        {
          "expr": "speedtest_upload_bits_per_second{}",
          "format": "time_series",
          "interval": "",
          "intervalFactor": 1,
          "legendFormat": "",
          "refId": "A"
        }
      ],
      "title": "Upload",
      "type": "gauge"
    },
    {
      "cacheTimeout": null,
      "datasource": "prometheus",
      "fieldConfig": {
        "defaults": {
          "color": {
            "mode": "thresholds"
          },
          "decimals": 2,
          "mappings": [
            {
              "id": 0,
              "op": "=",
              "text": "N/A",
              "type": 1,
              "value": "null"
            }
          ],
          "thresholds": {
            "mode": "absolute",
            "steps": [
              {
                "color": "green",
                "value": null
              },
              {
                "color": "red",
                "value": 80
              }
            ]
          },
          "unit": "ms"
        },
        "overrides": []
      },
      "gridPos": {
        "h": 9,
        "w": 12,
        "x": 12,
        "y": 0
      },
      "id": 12,
      "interval": null,
      "links": [],
      "maxDataPoints": 50000,
      "options": {
        "orientation": "horizontal",
        "reduceOptions": {
          "calcs": [
            "mean"
          ],
          "fields": "",
          "values": false
        },
        "showThresholdLabels": false,
        "showThresholdMarkers": true,
        "text": {}
      },
      "pluginVersion": "7.5.6",
      "targets": [
        {
          "expr": "speedtest_ping_latency_milliseconds",
          "format": "time_series",
          "instant": false,
          "interval": "",
          "intervalFactor": 1,
          "legendFormat": "",
          "refId": "A"
        }
      ],
      "title": "Speedtest Ping",
      "type": "gauge"
    },
    {
      "datasource": "prometheus",
      "fieldConfig": {
        "defaults": {
          "color": {
            "mode": "palette-classic"
          },
          "custom": {
            "axisLabel": "",
            "axisPlacement": "auto",
            "barAlignment": 0,
            "drawStyle": "line",
            "fillOpacity": 50,
            "gradientMode": "none",
            "hideFrom": {
              "graph": false,
              "legend": false,
              "tooltip": false
            },
            "lineInterpolation": "linear",
            "lineWidth": 0,
            "pointSize": 5,
            "scaleDistribution": {
              "type": "linear"
            },
            "showPoints": "never",
            "spanNulls": true
          },
          "mappings": [],
          "thresholds": {
            "mode": "absolute",
            "steps": [
              {
                "color": "green",
                "value": null
              },
              {
                "color": "red",
                "value": 80
              }
            ]
          },
          "unit": "bps"
        },
        "overrides": []
      },
      "gridPos": {
        "h": 9,
        "w": 12,
        "x": 0,
        "y": 9
      },
      "id": 6,
      "links": [],
      "maxDataPoints": 50000,
      "options": {
        "graph": {},
        "legend": {
          "calcs": [],
          "displayMode": "list",
          "placement": "right"
        },
        "tooltipOptions": {
          "mode": "multi"
        }
      },
      "pluginVersion": "7.4.5",
      "repeat": null,
      "targets": [
        {
          "expr": "speedtest_download_bits_per_second{}",
          "format": "time_series",
          "interval": "",
          "intervalFactor": 1,
          "legendFormat": "Download",
          "refId": "A"
        },
        {
          "expr": "speedtest_upload_bits_per_second{}",
          "hide": false,
          "interval": "",
          "legendFormat": "Upload",
          "refId": "B"
        }
      ],
      "timeFrom": null,
      "timeShift": null,
      "title": "Speedtest Graph",
      "type": "timeseries"
    },
    {
      "cards": {
        "cardHSpacing": 2,
        "cardMinWidth": 5,
        "cardRound": null,
        "cardVSpacing": 2
      },
      "color": {
        "cardColor": "#b4ff00",
        "colorScale": "sqrt",
        "colorScheme": "interpolateGnYlRd",
        "defaultColor": "#757575",
        "exponent": 0.5,
        "max": 1,
        "min": 0,
        "mode": "discrete",
        "thresholds": [
          {
            "$$hashKey": "object:68",
            "color": "#37872D",
            "tooltip": "Up",
            "value": "1"
          },
          {
            "$$hashKey": "object:72",
            "color": "#C4162A",
            "tooltip": "Down",
            "value": "0"
          }
        ]
      },
      "datasource": "prometheus",
      "fieldConfig": {
        "defaults": {},
        "overrides": []
      },
      "gridPos": {
        "h": 9,
        "w": 12,
        "x": 12,
        "y": 9
      },
      "highlightCards": true,
      "id": 14,
      "legend": {
        "show": false
      },
      "links": [],
      "nullPointMode": "as empty",
      "pageSize": 15,
      "seriesFilterIndex": -1,
      "statusmap": {
        "ConfigVersion": "v1"
      },
      "targets": [
        {
          "expr": "probe_success",
          "format": "time_series",
          "interval": "",
          "intervalFactor": 1,
          "legendFormat": "{{instance}}",
          "refId": "A"
        }
      ],
      "title": "Uptime",
      "tooltip": {
        "extraInfo": "",
        "freezeOnClick": true,
        "items": [],
        "show": true,
        "showExtraInfo": false,
        "showItems": false
      },
      "type": "flant-statusmap-panel",
      "useMax": true,
      "usingPagination": false,
      "xAxis": {
        "show": true
      },
      "yAxis": {
        "maxWidth": -1,
        "minWidth": -1,
        "show": true
      },
      "yAxisSort": "metrics",
      "yLabel": {
        "delimiter": "",
        "labelTemplate": "",
        "usingSplitLabel": false
      }
    },
    {
      "aliasColors": {},
      "bars": false,
      "dashLength": 10,
      "dashes": false,
      "datasource": "prometheus",
      "fieldConfig": {
        "defaults": {},
        "overrides": []
      },
      "fill": 1,
      "fillGradient": 0,
      "gridPos": {
        "h": 9,
        "w": 24,
        "x": 0,
        "y": 18
      },
      "hiddenSeries": false,
      "id": 4,
      "legend": {
        "avg": false,
        "current": false,
        "max": false,
        "min": false,
        "show": true,
        "total": false,
        "values": false
      },
      "lines": true,
      "linewidth": 1,
      "links": [],
      "maxPerRow": 12,
      "nullPointMode": "null",
      "options": {
        "alertThreshold": true
      },
      "percentage": false,
      "pluginVersion": "7.5.6",
      "pointradius": 5,
      "points": false,
      "renderer": "flot",
      "repeat": "host",
      "repeatDirection": "h",
      "seriesOverrides": [],
      "spaceLength": 10,
      "stack": false,
      "steppedLine": false,
      "targets": [
        {
          "expr": "sum(probe_http_duration_seconds) by (instance)",
          "format": "time_series",
          "intervalFactor": 1,
          "legendFormat": "{{instance}}",
          "refId": "A"
        }
      ],
      "thresholds": [],
      "timeFrom": null,
      "timeRegions": [],
      "timeShift": null,
      "title": "HTTP Request Duration",
      "tooltip": {
        "shared": true,
        "sort": 0,
        "value_type": "individual"
      },
      "type": "graph",
      "xaxis": {
        "buckets": null,
        "mode": "time",
        "name": null,
        "show": true,
        "values": []
      },
      "yaxes": [
        {
          "format": "short",
          "label": null,
          "logBase": 1,
          "max": null,
          "min": null,
          "show": true
        },
        {
          "format": "short",
          "label": null,
          "logBase": 1,
          "max": null,
          "min": null,
          "show": true
        }
      ],
      "yaxis": {
        "align": false,
        "alignLevel": null
      }
    }
  ],
  "refresh": "5m",
  "schemaVersion": 27,
  "style": "dark",
  "tags": [
    "speedtest",
    "ping"
  ],
  "templating": {
    "list": []
  },
  "time": {
    "from": "now-7d",
    "to": "now"
  },
  "timepicker": {
    "refresh_intervals": [
      "5s",
      "10s",
      "30s",
      "1m",
      "5m",
      "15m",
      "30m",
      "1h",
      "2h",
      "1d"
    ],
    "time_options": [
      "5m",
      "15m",
      "1h",
      "6h",
      "12h",
      "24h",
      "2d",
      "7d",
      "30d"
    ]
  },
  "timezone": "browser",
  "title": "Internet connection",
  "uid": "o9mIe_Aik",
  "version": 12
}