{
  "variables": {
    "version": ""
  },
  "provisioners": [
    {
      "type": "shell",
      "execute_command": "echo 'vagrant' | {{.Vars}} sudo -S -E bash '{{.Path}}'",
      "script": "scripts/ansible.sh"
    },
    {
      "type": "shell",
      "execute_command": "echo 'vagrant' | {{.Vars}} sudo -S -E bash '{{.Path}}'",
      "script": "scripts/setup.sh"
    },
    {
      "type": "ansible-local",
      "playbook_file": "../shared/main.yml",
      "galaxy_file": "../shared/requirements.yml"
    },
    {
      "type": "shell",
      "execute_command": "echo 'vagrant' | {{.Vars}} sudo -S -E bash '{{.Path}}'",
      "script": "scripts/cleanup.sh"
    }
  ],
  "builders": [
    {
      "type": "virtualbox-iso",
      "boot_command": [
        "<esc><wait>",
        "<esc><wait>",
        "<enter><wait>",
        "/install/vmlinuz",
        " auto=true",
        " url=http://{{ .HTTPIP }}:{{ .HTTPPort }}/preseed.cfg",
        " locale=en_US<wait>",
        " console-setup/ask_detect=false<wait>",
        " console-setup/layoutcode=us<wait>",
        " console-setup/modelcode=pc105<wait>",
        " debconf/frontend=noninteractive<wait>",
        " debian-installer=en_US<wait>",
        " fb=false<wait>",
        " initrd=/install/initrd.gz<wait>",
        " kbd-chooser/method=us<wait>",
        " keyboard-configuration/layout=USA<wait>",
        " keyboard-configuration/variant=USA<wait>",
        " netcfg/get_domain=vm<wait>",
        " netcfg/get_hostname=vagrant<wait>",
        " grub-installer/bootdev=/dev/sda<wait>",
        " noapic<wait>",
        " -- <wait>",
        "<enter><wait>"
      ],
      "boot_wait": "10s",
      "disk_size": 81920,
      "guest_os_type": "Ubuntu_64",
      "headless": true,
      "http_directory": "http",
      "iso_urls": [
        "ubuntu-20.04.1-legacy-server-amd64.iso",
        "http://cdimage.ubuntu.com/ubuntu-legacy-server/releases/20.04/release/ubuntu-20.04.1-legacy-server-amd64.iso"
      ],
      "iso_checksum": "sha256:f11bda2f2caed8f420802b59f382c25160b114ccc665dbac9c5046e7fceaced2",
      "ssh_username": "vagrant",
      "ssh_password": "vagrant",
      "ssh_port": 22,
      "ssh_wait_timeout": "1800s",
      "shutdown_command": "echo 'vagrant'|sudo -S shutdown -P now",
      "guest_additions_path": "VBoxGuestAdditions_{{.Version}}.iso",
      "virtualbox_version_file": ".vbox_version",
      "vm_name": "packer-ubuntu-20.04-amd64",
      "vboxmanage": [
        [
          "modifyvm",
          "{{.Name}}",
          "--memory",
          "1024"
        ],
        [
          "modifyvm",
          "{{.Name}}",
          "--cpus",
          "1"
        ]
      ]
    }
  ],
  "post-processors": [
    [
      {
        "output": "builds/{{.Provider}}-ubuntu2004.box",
        "type": "vagrant"
      },
      {
        "type": "vagrant-cloud",
        "box_tag": "geerlingguy/ubuntu2004",
        "version": "{{user `version`}}"
      }
    ]
  ]
}

