{
  "variables": {
    "version": ""
  },
  "provisioners": [
    {
      "type": "shell",
      "execute_command": "echo 'vagrant' | {{.Vars}} sudo -S -E bash '{{.Path}}'",
      "script": "scripts/ansible.sh"
    },
    {
      "type": "ansible-local",
      "playbook_file": "../shared/main.yml",
      "galaxy_file": "../shared/requirements.yml"
    },
    {
      "type": "shell",
      "execute_command": "echo 'vagrant' | {{.Vars}} sudo -S -E bash '{{.Path}}'",
      "script": "scripts/cleanup.sh"
    }
  ],
  "builders": [
    {
      "type": "virtualbox-iso",
      "boot_command": [
        "<tab> text ks=http://{{ .HTTPIP }}:{{ .HTTPPort }}/ks.cfg<enter><wait>"
      ],
      "boot_wait": "10s",
      "disk_size": 81920,
      "guest_os_type": "RedHat_64",
      "headless": true,
      "http_directory": "http",
      "iso_urls": [
        "Rocky-8.5-x86_64-dvd1.iso",
        "https://download.rockylinux.org/pub/rocky/8/isos/x86_64/Rocky-8.5-x86_64-dvd1.iso"
      ],
      "iso_checksum": "sha256:0081f8b969d0cef426530f6d618b962c7a01e71eb12a40581a83241f22dfdc25",
      "ssh_username": "vagrant",
      "ssh_password": "vagrant",
      "ssh_port": 22,
      "ssh_wait_timeout": "1800s",
      "shutdown_command": "echo 'vagrant'|sudo -S /sbin/halt -h -p",
      "guest_additions_path": "VBoxGuestAdditions_{{.Version}}.iso",
      "virtualbox_version_file": ".vbox_version",
      "vm_name": "packer-rockylinux-8-x86_64",
      "vboxmanage": [
        [
          "modifyvm",
          "{{.Name}}",
          "--memory",
          "2048"
        ],
        [
          "modifyvm",
          "{{.Name}}",
          "--cpus",
          "1"
        ]
      ]
    }
  ],
  "post-processors": [
    [
      {
        "output": "builds/{{.Provider}}-rockylinux8.box",
        "type": "vagrant"
      },
      {
        "type": "vagrant-cloud",
        "box_tag": "geerlingguy/rockylinux8",
        "version": "{{user `version`}}"
      }
    ]
  ]
}
